[
    {"Name":"Ryo","Text":"Ok then....Ah yes."},
    {"Name":"Ryo","Text":"The main focus of the book is on the 7Cs of communication."},
    {"Name":"Ryo","Text":"Clear, Concise, Concrete, Correct, "},
    {"Name":"Ryo","Text":"Coherent, Complete and finally Courteous. "},
    {"Name":"Ryo","Text":"But, I’d like to add an eighth C. Confidence. You can’t impress them with anything if you don’t have confidence."},
    {"Name":"Ryo","Text":"Don’t stammer, don't be afraid. You’ve got everything you need; show them what you got."}
]