[
 {"Name":"Vira","Text":"Ok, but how do I do that?"},
{"Name":"Ryo","Text":" First things first, learn the skills you need. Then try to apply those skills into the conversation."},
{"Name":"Ryo","Text":"Use the skills to determine which choice is best. "},
{"Name":"Vira","Text":" Right….got it. But what are the skills that I’ll need?"},
{"Name":"Ryo","Text":" Yes….let me start with…….wait……"},
{"Name":"Ryo","Text":"There’s quite a lot actually so it might be better if i gave you this."},
{"Name":"Vira","Text":" A book?"},
{"Name":"Ryo","Text":"Yes it has everything you need. This is what helped me too. "}

]