[
    {"Name":"Moni","Text":" Yes sir! Of course! Hello Vira, it is a pleasure to meet you."},
    {"Name":"Moni","Text":"I am Moni Mekhala. I come from Indrapura, champa."},
    {"Name":"Moni","Text":"I graduated from Ngu Yu Vet university. I specialize in Web and app design and I also usually do the testing work."},
    {"Name":"Moni","Text":"I saw your resume, PG; It is enviable indeed."},
    {"Name":"Moni","Text":" It is clear why you were recruited. I just want to confirm, what work do you specialize in?"}
]