[
{"Name":"Vira","Text":" I graduated from NM University and then shifted to bangalore. "},
{"Name":"Vira","Text":"Vetron was the company I wanted to join from the start.   "},
{"Name":"Vira","Text":"How this company manages to do good deeds to others through Information Technology is amazing. "},
{"Name":"Vira","Text":"The portal for refugees project, Unified ration IDs  project and many others were awe inspiring. "},
{"Name":"Vira","Text":" Getting into this company is what will help me serve others with my knowledge and passion for information technology. "},
{"Name":"Vira","Text":" I cannot wait to start my work and contribute sir."},
{"Name":"Alex","Text":" Wonderful Vira. You will start soon. "},
{"Name":"Alex","Text":"It is great that you think so highly of this company. This is what inspired me too."},
{"Name":"Alex","Text":" Now, let me introduce myself. I am Alex Bernardo. "},
{"Name":"Alex","Text":"I’ve been working in vetron for 5 years. I am from Adishaba, Abhisander. "},
{"Name":"Alex","Text":" I have experience in Website and app development and have been working in the IT field for 7 years. "},
{"Name":"Alex","Text":" Just like Vira, coming here I knew that this was the destination. "},
{"Name":"Alex","Text":" I was surrounded by passionate and compassionate people who worked day and night tirelessly to achieve the company’s goals of service and compassion."},
{"Name":"Alex","Text":" I wish to do the same and contribute to both our company and society. I encourage others to do so too."}
]