[
    {"Name":"Alex","Text":"Good morning all of you. I hope you’re fresh and fine."},
    {"Name":"Alex","Text":"BF, Is everything alright? You look a bit off."},
    {"Name":"Ryo","Text":"Yes sir, everything is fine. "},
    {"Name":"Ryo","Text":" I was just making a few adjustments to our previous work yesterday night."},
    {"Name":"Ryo","Text":" But I got enough sleep. I will be fine."},
    {"Name":"Alex","Text":" Wonderful! Please get it done as quickly as possible. No loose ends. I hope I am clear."},
    {"Name":"Ryo","Text":"Yes sir."},
    {"Name":"Alex","Text":"Before we get to the topic to be discussed let us give a warm welcome to our newest recruit, Virachon Udaya. "},
    {"Name":"Alex","Text":"He has great knowledge about the subjects related to Information Technology and he is a great academician. "},
    {"Name":"Alex","Text":"He will be a great addition to our team."},
    {"Name":"","Text":"The entire team claps"},
    {"Name":"Alex","Text":" Ah yes before that."},
    {"Name":"","Text":"C3 walks quickly towards the table picks up two plates of jalebis and 4 cups of tea and places it on the table."},
    {"Name":"Alex","Text":" Oh thank you so much Moni, but you did not have to."},
    {"Name":"Moni","Text":"No problem sir, happy to help. "},
    {"Name":"Alex","Text":"Vira, can you introduce yourself to us? We’d love to hear more about you."}
]