[
    {"Name":"Alex","Text":" Ah yes PG. The new features are:"},
    {"Name":"Alex","Text":" A discussion section to ask questions and get them answered by experts on the spot,"},
    {"Name":"Alex","Text":"A quiz section,"},
    {"Name":"Alex","Text":"And a QnA section."},
    {"Name":"Alex","Text":"That’s all. Is that clear PG?"},
    {"Name":"Vira","Text":" Yes sir."},
    {"Name":"Alex","Text":"Ok then. Now, I will give you your target for this week."},
    {"Name":"Alex","Text":"Ryo, you handle the QnA section and share the work on the quiz section with PG."},
    {"Name":"Ryo","Text":" Yes sir."},
    {"Name":"Alex","Text":" Moni, please handle the web design and share the work on the chat section with PG."},
    {"Name":"Moni","Text":" Yes sir."},
    {"Name":"Alex","Text":" PG, apart from the shared work, you do not have anything extra. Is it ok? Am I clear? "},
    {"Name":"Vira","Text":" Yes sir."},
    {"Name":"Alex","Text":" Good! Please carry on with your work then. We will meet again soon. "}
    ]