[
    {"Name":"Vira","Text":" (To think that I’ve finally got into vetron is amazing. There is so much I can do but there is a lot to get used to.)"},
    {"Name":"Vira","Text":"(It’s okay. It’s a calm environment; I can get used to it) "},
    {"Name":"Ryo","Text":"Hey ! You’re finally here! So, how is it? "},
    {"Name":"Vira","Text":" Hello. It’s wonderful! This has always been my dream; my happiness is beyond words."},
    {"Name":"Vira","Text":" I just have to get to know everyone "},
    {"Name":"Ryo","Text":"There’s only four of us. So it won't take long."},
    {"Name":"Ryo","Text":"We have a meeting with our team lead soon. I heard we have a new project , it’s pretty important too."},
    {"Name":"Vira","Text":"Oh look! He’s here. We have to get going."}
]