[
{"Name":"Alex","Text":"Great! Now moving on to the main subject of this meeting."},
{"Name":"Alex","Text":" We have received a project from Aktines, an institution that is very close to us. "},
{"Name":"Alex","Text":"We had made a website for them a while back called ‘ignosi- house of knowledge’ which is a website which gives people free access to resources on various subjects. "},
{"Name":"Alex","Text":" Our task now is to update the website."},
{"Name":"Alex","Text":" Specifically, it is to improve the design, update the data and add some new features."},
{"Name":"Alex","Text":"Our deadline is on the 20th of next month. Before we move on, any questions so far?"},
{"Name":"Vira","Text":"(I want to know what the features are. Don’t be nervous.)"},
{"Name":"","Text":"Vira looks at Ryo who is thinking about the project seriously"},
{"Name":"Vira","Text":"(The 8th C, confidence. I can do this.)"},
{"Name":"Alex","Text":"PG? Any questions?"}
]
